﻿{"cameraMode":{"drawMode":0,"name":"Shaded","section":"Shading Mode"},"sceneLighting":false,"audioPlay":false,"sceneViewState":{"m_AlwaysRefresh":false,"showFog":true,"showSkybox":false,"showFlares":true,"showImageEffects":true,"showParticleSystems":true,"showVisualEffectGraphs":true,"m_FxEnabled":true},"in2DMode":false,"pivot":{"x":0.0,"y":1.2160719633102418,"z":-0.03698456287384033},"rotation":{"x":-0.14687126874923707,"y":0.23554232716560365,"z":-0.036034826189279559,"w":-0.9600264430046082},"size":2.9337007999420168,"orthographic":false}